date,view
2022-06-22,43
2022-06-23,55
2022-06-24,57
2022-06-25,64
2022-06-26,51
2022-06-27,44
2022-06-28,42
2022-06-29,64
2022-06-30,87
2022-07-01,63
2022-07-02,132
2022-07-03,61
2022-07-04,43
2022-07-05,53
2022-07-06,58
2022-07-07,63
2022-07-08,42
2022-07-09,47
2022-07-10,54
2022-07-11,45
2022-07-12,45
2022-07-13,51
2022-07-14,40
2022-07-15,63
2022-07-16,38
2022-07-17,40
2022-07-18,45
2022-07-19,42
2022-07-20,41
2022-07-21,57
2022-07-22,49
2022-07-23,64
2022-07-24,44
2022-07-25,56
2022-07-26,30
2022-07-27,37
2022-07-28,67
2022-07-29,60
2022-07-30,72
2022-07-31,27
2022-08-01,46
2022-08-02,38
2022-08-03,49
2022-08-04,40
2022-08-05,44
2022-08-06,43
2022-08-07,49
2022-08-08,60
2022-08-09,58
2022-08-10,67
2022-08-11,65
2022-08-12,74
2022-08-13,89
2022-08-14,51
2022-08-15,39
2022-08-16,51
2022-08-17,58
2022-08-18,56
2022-08-19,75
2022-08-20,25
2022-08-21,34
2022-08-22,41
2022-08-23,51
2022-08-24,40
2022-08-25,83
2022-08-26,95
2022-08-27,73
2022-08-28,26
2022-08-29,42
2022-08-30,31
2022-08-31,46
2022-09-01,52
2022-09-02,68
2022-09-03,41
2022-09-04,33
2022-09-05,27
2022-09-06,39
2022-09-07,36
2022-09-08,48
2022-09-09,70
2022-09-10,68
2022-09-11,40
2022-09-12,31
2022-09-13,35
2022-09-14,16
2022-09-15,41
2022-09-16,61
2022-09-17,63
2022-09-18,44
2022-09-19,37
2022-09-20,30
2022-09-21,37
2022-09-22,48
2022-09-23,59
2022-09-24,71
2022-09-25,39
2022-09-26,24
2022-09-27,32
2022-09-28,30
2022-09-29,57
2022-09-30,53
2022-10-01,63
2022-10-02,40
2022-10-03,51
2022-10-04,37
2022-10-05,37
2022-10-06,47
2022-10-07,42
2022-10-08,46
2022-10-09,36
2022-10-10,38
2022-10-11,41
2022-10-12,38
2022-10-13,41
2022-10-14,57
2022-10-15,63
2022-10-16,39
2022-10-17,46
2022-10-18,53
2022-10-19,64
2022-10-20,47
2022-10-21,54
2022-10-22,72
2022-10-23,46
2022-10-24,47
2022-10-25,35
2022-10-26,35
2022-10-27,33
2022-10-28,41
2022-10-29,61
2022-10-30,33
2022-10-31,37
2022-11-01,42
2022-11-02,32
2022-11-03,47
2022-11-04,49
2022-11-05,66
2022-11-06,44
2022-11-07,34
2022-11-08,54
2022-11-09,63
2022-11-10,48
2022-11-11,59
2022-11-12,64
2022-11-13,35
2022-11-14,39
2022-11-15,35
2022-11-16,46
2022-11-17,64
2022-11-18,85
2022-11-19,72
2022-11-20,58
2022-11-21,43
2022-11-22,55
2022-11-23,37
2022-11-24,61
2022-11-25,77
2022-11-26,56
2022-11-27,33
2022-11-28,51
2022-11-29,30
2022-11-30,41
2022-12-01,47
2022-12-02,58
2022-12-03,45
2022-12-04,30
2022-12-05,27
2022-12-06,39
2022-12-07,40
2022-12-08,39
2022-12-09,65
2022-12-10,55
2022-12-11,24
2022-12-12,31
2022-12-13,35
2022-12-14,45
2022-12-15,38
2022-12-16,47
2022-12-17,67
2022-12-18,35
2022-12-19,31
2022-12-20,39
2022-12-21,45
2022-12-22,40
2022-12-23,75
2022-12-24,75
2022-12-25,44
2022-12-26,47
2022-12-27,59
2022-12-28,29
2022-12-29,54
2022-12-30,59
2022-12-31,77
2023-01-01,72
2023-01-02,44
2023-01-03,40
2023-01-04,32
2023-01-05,30
2023-01-06,48
2023-01-07,114
2023-01-08,52
2023-01-09,68
2023-01-10,53
2023-01-11,71
2023-01-12,77
2023-01-13,89
2023-01-14,92
2023-01-15,79
2023-01-16,327
2023-01-17,76
2023-01-18,82
2023-01-19,59
2023-01-20,9
2023-01-21,4
2023-01-22,72
2023-01-23,95
2023-01-24,100
2023-01-25,70
2023-01-26,63
2023-01-27,77
2023-01-28,59
2023-01-29,40
2023-01-30,45
2023-01-31,67
2023-02-01,51
2023-02-02,53
2023-02-03,78
2023-02-04,68
2023-02-05,50
2023-02-06,37
2023-02-07,44
2023-02-08,55
2023-02-09,47
2023-02-10,62
2023-02-11,88
2023-02-12,79
2023-02-13,114
2023-02-14,65
2023-02-15,47
2023-02-16,44
2023-02-17,66
2023-02-18,85
2023-02-19,41
2023-02-20,66
2023-02-21,52
2023-02-22,51
2023-02-23,40
2023-02-24,52
2023-02-25,76
2023-02-26,21
2023-02-27,40
2023-02-28,34
2023-03-01,29
2023-03-02,40
2023-03-03,48
2023-03-04,76
2023-03-05,47
2023-03-06,57
2023-03-07,64
2023-03-08,31
2023-03-09,55
2023-03-10,66
2023-03-11,57
2023-03-12,33
2023-03-13,27
2023-03-14,52
2023-03-15,47
2023-03-16,49
2023-03-17,66
2023-03-18,98
2023-03-19,41
2023-03-20,46
2023-03-21,39
2023-03-22,32
2023-03-23,44
2023-03-24,60
2023-03-25,63
2023-03-26,43
2023-03-27,31
2023-03-28,26
2023-03-29,43
2023-03-30,43
2023-03-31,60
2023-04-01,83
2023-04-02,31
2023-04-03,29
2023-04-04,22
2023-04-05,32
2023-04-06,37
2023-04-07,55
2023-04-08,63
2023-04-09,35
2023-04-10,36
2023-04-11,31
2023-04-12,46
2023-04-13,45
2023-04-14,70
2023-04-15,64
2023-04-16,38
2023-04-17,34
2023-04-18,39
2023-04-19,50
2023-04-20,30
2023-04-21,62
2023-04-22,76
2023-04-23,37
2023-04-24,39
2023-04-25,53
2023-04-26,36
2023-04-27,36
2023-04-28,54
2023-04-29,78
2023-04-30,91
2023-05-01,60
2023-05-02,72
2023-05-03,40
2023-05-04,25
2023-05-05,55
2023-05-06,70
2023-05-07,34
2023-05-08,33
2023-05-09,39
2023-05-10,37
2023-05-11,47
2023-05-12,71
2023-05-13,69
2023-05-14,34
2023-05-15,33
2023-05-16,27
2023-05-17,51
2023-05-18,36
2023-05-19,67
2023-05-20,68
2023-05-21,59
2023-05-22,30
2023-05-23,31
2023-05-24,47
2023-05-25,58
2023-05-26,67
2023-05-27,54
2023-05-28,37
2023-05-29,41
2023-05-30,63
2023-05-31,74
2023-06-01,48
2023-06-02,76
2023-06-03,50
2023-06-04,36
2023-06-05,41
2023-06-06,32
2023-06-07,38
2023-06-08,55
2023-06-09,57
2023-06-10,46
2023-06-11,41
2023-06-12,42
2023-06-13,33
2023-06-14,40
2023-06-15,26
2023-06-16,58
2023-06-17,65
2023-06-18,36
2023-06-19,51
2023-06-20,39
2023-06-21,32
2023-06-22,29
2023-06-23,30
2023-06-24,21
2023-06-25,30
2023-06-26,41
2023-06-27,26
2023-06-28,57
2023-06-29,74
2023-06-30,57
2023-07-01,39
2023-07-02,22
2023-07-03,37
2023-07-04,29
2023-07-05,34
2023-07-06,34
2023-07-07,36
2023-07-08,35
2023-07-09,39
2023-07-10,36
2023-07-11,29
2023-07-12,36
2023-07-13,26
2023-07-14,55
2023-07-15,106
2023-07-16,34
2023-07-17,31
2023-07-18,32
2023-07-19,51
2023-07-20,34
2023-07-21,54
2023-07-22,55
2023-07-23,34
2023-07-24,44
2023-07-25,29
2023-07-26,48
2023-07-27,39
2023-07-28,47
2023-07-29,61
2023-07-30,51
2023-07-31,45
2023-08-01,55
2023-08-02,39
2023-08-03,56
2023-08-04,62
2023-08-05,56
2023-08-06,41
2023-08-07,49
2023-08-08,50
2023-08-09,43
2023-08-10,28
2023-08-11,55
2023-08-12,40
2023-08-13,42
2023-08-14,29
2023-08-15,32
2023-08-16,38
2023-08-17,27
2023-08-18,81
2023-08-19,76
2023-08-20,26
2023-08-21,38
2023-08-22,55
2023-08-23,62
2023-08-24,40
2023-08-25,55
2023-08-26,87
2023-08-27,39
2023-08-28,66
2023-08-29,40
2023-08-30,65
2023-08-31,85
2023-09-01,79
2023-09-02,58
2023-09-03,82
2023-09-04,38
2023-09-05,43
2023-09-06,46
2023-09-07,73
2023-09-08,44
2023-09-09,52
2023-09-10,64
2023-09-11,34
2023-09-12,56
2023-09-13,81
2023-09-14,55
2023-09-15,64
2023-09-16,110
2023-09-17,62
2023-09-18,53
2023-09-19,72
2023-09-20,87
2023-09-21,62
2023-09-22,95
2023-09-23,103
2023-09-24,58
2023-09-25,71
2023-09-26,48
2023-09-27,80
2023-09-28,80
2023-09-29,86
2023-09-30,62
2023-10-01,41
2023-10-02,59
2023-10-03,28
2023-10-04,27
2023-10-05,47
2023-10-06,88
